"NN";"FIELD";"LABEL";"VISIT";"GROUP";"TYPE"
1;"SITE";"Номер исследовательского центра";"—";"Идентификация";"Int"
2;"SITE_NAME";"Наименование исследовательского центра";"—";"Идентификация";"String"
3;"SCREEN";"Порядковый номер скрининга в центре";"—";"Идентификация";"Int"
4;"SCREEN_ID";"Скрининговый номер субъекта";"—";"Идентификация";"String"
5;"SUBJID";"Идентификатор субъекта";"—";"Идентификация";"String"
6;"V1_VISDAT";"Дата визита 1 (скрининг, начало терапии)";"V1";"Визит";"Date"
7;"V1_RAND_BLOCK";"Номер рандомизационного блока";"V1";"Рандомизация";"Int"
8;"V1_RAND_RANDN";"Рандомизационный номер";"V1";"Рандомизация";"Int"
9;"V1_RAND_GROUP";"Код группы лечения";"V1";"Рандомизация";"Int"
10;"V1_RAND_ARM";"Группа лечения (наименование)";"V1";"Рандомизация";"String"
11;"ICF_SIGNED";"Информированное согласие подписано";"V1";"Согласие";"String"
12;"ICF_SIGDAT";"Дата подписания информированного согласия";"V1";"Согласие";"Date"
13;"V1_SEX";"Пол";"V1";"Демография";"String"
14;"FIO";"Фамилия, имя, отчество";"V1";"Демография";"String"
15;"ICFSIG";"Подпись субъекта в информированном согласии";"V1";"Согласие";"String"
16;"V1_BDATE";"Дата рождения";"V1";"Демография";"Date"
17;"V1_HEIGHT";"Рост, см";"V1";"Антропометрия";"Float"
18;"V1_WEIGHT";"Масса тела, кг";"V1";"Антропометрия";"Float"
19;"V1_BMI";"Индекс массы тела, кг/м²";"V1";"Антропометрия";"Float"
20;"V1_AGE";"Возраст, полных лет";"V1";"Демография";"Int"
21;"V1_SAD";"Систолическое артериальное давление, мм рт. ст., исходно";"V1";"Витальные";"Int"
22;"V1_DAD";"Диастолическое артериальное давление, мм рт. ст., исходно";"V1";"Витальные";"Int"
23;"V1_HR";"Частота сердечных сокращений, уд/мин, исходно";"V1";"Витальные";"Int"
24;"V1_BT";"Температура тела, °C, исходно";"V1";"Витальные";"Float"
25;"V1_DIAG";"Диагноз";"V1";"Инсульт";"String"
26;"V1_ONSET_H";"Срок от начала заболевания до поступления, ч";"V1";"Инсульт";"Float"
27;"V1_ONSET_CAT";"Срок от начала заболевания, категория";"V1";"Инсульт";"String"
28;"V1_IMG_DATE";"Дата нейровизуализации";"V1";"Инсульт";"Date"
29;"V1_IMG_MOD";"Метод нейровизуализации";"V1";"Инсульт";"String"
30;"V1_IMG_LOC";"Локализация ишемического очага";"V1";"Инсульт";"String"
31;"V1_CEREDEMA";"Признаки отёка головного мозга";"V1";"Инсульт";"Int"
32;"V1_PHEX";"Физикальный осмотр проведён, исходно";"V1";"Осмотр";"String"
33;"V1_CDIS_HVD";"Заболевания сердечно-сосудистой системы";"V1";"Анамнез";"String"
34;"V1_CDIS_HD";"Гипертоническая болезнь";"V1";"Анамнез";"String"
35;"V1_CDIS_RS";"Заболевания дыхательной системы";"V1";"Анамнез";"String"
36;"V1_CDIS_GI";"Заболевания желудочно-кишечного тракта";"V1";"Анамнез";"String"
37;"V1_CDIS_BT";"Черепно-мозговая травма в анамнезе";"V1";"Анамнез";"String"
38;"V1_CDIS_UR";"Заболевания мочеполовой системы";"V1";"Анамнез";"String"
39;"V1_CDIS_EN";"Заболевания эндокринной системы";"V1";"Анамнез";"String"
40;"V1_CDIS_BM";"Патология костно-суставной системы";"V1";"Анамнез";"String"
41;"V1_CDIS_AL";"Аллергические реакции в анамнезе";"V1";"Анамнез";"String"
42;"V1_CDIS_FH";"Сосудистая патология у ближайших родственников";"V1";"Анамнез";"String"
43;"V1_C_INC_1";"Критерий включения 1: информированное согласие";"V1";"Критерии";"Int"
44;"V1_C_INC_2";"Критерий включения 2: возраст 45–74 года";"V1";"Критерии";"Int"
45;"V1_C_INC_3";"Критерий включения 3: ишемический инсульт по КТ/МРТ";"V1";"Критерии";"Int"
46;"V1_C_INC_4";"Критерий включения 4: NIHSS 6–20 баллов";"V1";"Критерии";"Int"
47;"V1_C_INC_5";"Критерий включения 5: поступление в пределах 24 ч";"V1";"Критерии";"Int"
48;"V1_C_NINC_1";"Критерий невключения 1: гиперчувствительность";"V1";"Критерии";"Int"
49;"V1_C_NINC_2";"Критерий невключения 2: геморрагический инсульт";"V1";"Критерии";"Int"
50;"V1_C_NINC_3";"Критерий невключения 3: лакунарный инсульт";"V1";"Критерии";"Int"
51;"V1_C_NINC_4";"Критерий невключения 4: кома";"V1";"Критерии";"Int"
52;"V1_C_NINC_5";"Критерий невключения 5: тяжёлая соматическая патология";"V1";"Критерии";"Int"
53;"V1_C_NINC_6";"Критерий невключения 6: онкологическое заболевание";"V1";"Критерии";"Int"
54;"V1_C_NINC_7";"Критерий невключения 7: психические заболевания, деменция";"V1";"Критерии";"Int"
55;"V1_C_NINC_8";"Критерий невключения 8: беременность или лактация";"V1";"Критерии";"Int"
56;"V1_C_NINC_9";"Критерий невключения 9: отказ от контрацепции";"V1";"Критерии";"Int"
57;"V1_C_NINC_10";"Критерий невключения 10: алкоголизм, наркомания";"V1";"Критерии";"Int"
58;"V1_C_NINC_11";"Критерий невключения 11: ВИЧ-инфекция";"V1";"Критерии";"Int"
59;"V1_C_NINC_12";"Критерий невключения 12: прочее";"V1";"Критерии";"Int"
60;"V1_SCRFAIL";"Причина скрининговой неудачи";"V1";"Критерии";"String"
61;"V1_ECG_DATE";"Дата ЭКГ, исходно";"V1";"ЭКГ";"Date"
62;"V1_ECG_CPL";"ЭКГ выполнена, исходно";"V1";"ЭКГ";"String"
63;"V1_ECG_DEV";"Отклонения на ЭКГ, исходно";"V1";"ЭКГ";"String"
64;"V1_ECG_CLSIG";"Отклонения на ЭКГ клинически значимы, исходно";"V1";"ЭКГ";"String"
65;"V1_PERGT_D";"Тест на беременность выполнен";"V1";"Беременность";"String"
66;"V1_PERGT_R";"Результат теста на беременность";"V1";"Беременность";"String"
67;"V1_SA_HB";"Серология: гепатит B";"V1";"Серология";"String"
68;"V1_SA_HC";"Серология: гепатит C";"V1";"Серология";"String"
69;"V1_SA_TP";"Серология: сифилис";"V1";"Серология";"String"
70;"V1_SA_HIV";"Серология: ВИЧ";"V1";"Серология";"String"
71;"V1_RANDOMIZED";"Субъект рандомизирован";"V1";"Рандомизация";"String"
72;"V1_NIHSS_VALUE";"Шкала инсульта NIHSS, баллы, исходно";"V1";"Шкалы";"Int"
73;"V1_BARTHEL_VALUE";"Индекс Бартел, баллы, исходно";"V1";"Шкалы";"Int"
74;"V1_MRS_VALUE";"Модифицированная шкала Рэнкина, преморбидный статус";"V1";"Шкалы";"Int"
75;"V1_EEG_AMP";"ЭЭГ: амплитуда, мкВ, исходно";"V1";"ЭЭГ";"Float"
76;"V1_EEG_D";"ЭЭГ: дельта-диапазон, %, исходно";"V1";"ЭЭГ";"Float"
77;"V1_EEG_T";"ЭЭГ: тета-диапазон, %, исходно";"V1";"ЭЭГ";"Float"
78;"V1_EEG_A";"ЭЭГ: альфа-диапазон, %, исходно";"V1";"ЭЭГ";"Float"
79;"V1_EEG_B";"ЭЭГ: бета-диапазон, %, исходно";"V1";"ЭЭГ";"Float"
80;"V1_EEG_AR";"ЭЭГ: реакция активации, отн. ед., исходно";"V1";"ЭЭГ";"Float"
81;"V1_BA_HGB";"Гемоглобин, г/л, исходно";"V1";"Гематология";"Int"
82;"V1_BA_RBC";"Эритроциты, ×10¹²/л, исходно";"V1";"Гематология";"Float"
83;"V1_BA_TPL";"Тромбоциты, ×10⁹/л, исходно";"V1";"Гематология";"Int"
84;"V1_BA_WBC";"Лейкоциты, ×10⁹/л, исходно";"V1";"Гематология";"Float"
85;"V1_BA_ESR";"СОЭ, мм/ч, исходно";"V1";"Гематология";"Int"
86;"V1_BA_NEIT_ABS";"Нейтрофилы, абсолютное число ×10⁹/л, исходно";"V1";"Лейкоформула";"Float"
87;"V1_BA_NEIT_B_ABS";"Палочкоядерные нейтрофилы, абс. ×10⁹/л, исходно";"V1";"Лейкоформула";"Float"
88;"V1_BA_NEIT_S_ABS";"Сегментоядерные нейтрофилы, абс. ×10⁹/л, исходно";"V1";"Лейкоформула";"Float"
89;"V1_BA_EOS_ABS";"Эозинофилы, абсолютное число ×10⁹/л, исходно";"V1";"Лейкоформула";"Float"
90;"V1_BA_BAS_ABS";"Базофилы, абсолютное число ×10⁹/л, исходно";"V1";"Лейкоформула";"Float"
91;"V1_BA_LYMPH_ABS";"Лимфоциты, абсолютное число ×10⁹/л, исходно";"V1";"Лейкоформула";"Float"
92;"V1_BA_MON_ABS";"Моноциты, абсолютное число ×10⁹/л, исходно";"V1";"Лейкоформула";"Float"
93;"V1_BA_NEIT";"Нейтрофилы, %, исходно";"V1";"Лейкоформула";"Float"
94;"V1_BA_NEIT_B";"Палочкоядерные нейтрофилы, %, исходно";"V1";"Лейкоформула";"Float"
95;"V1_BA_NEIT_S";"Сегментоядерные нейтрофилы, %, исходно";"V1";"Лейкоформула";"Float"
96;"V1_BA_EOS";"Эозинофилы, %, исходно";"V1";"Лейкоформула";"Float"
97;"V1_BA_BAS";"Базофилы, %, исходно";"V1";"Лейкоформула";"Float"
98;"V1_BA_LYMPH";"Лимфоциты, %, исходно";"V1";"Лейкоформула";"Float"
99;"V1_BA_MON";"Моноциты, %, исходно";"V1";"Лейкоформула";"Float"
100;"V1_BC_ALB";"Общий белок, г/л, исходно";"V1";"Биохимия";"Float"
101;"V1_BC_GLU";"Глюкоза, ммоль/л, исходно";"V1";"Биохимия";"Float"
102;"V1_BC_CHOL";"Холестерин, ммоль/л, исходно";"V1";"Биохимия";"Float"
103;"V1_BC_BIL";"Билирубин общий, мкмоль/л, исходно";"V1";"Биохимия";"Float"
104;"V1_BC_UR";"Мочевина, ммоль/л, исходно";"V1";"Биохимия";"Float"
105;"V1_BC_CREA";"Креатинин, мкмоль/л, исходно";"V1";"Биохимия";"Int"
106;"V1_BC_AST";"Аспартатаминотрансфераза, ЕД/л, исходно";"V1";"Биохимия";"Int"
107;"V1_BC_ALT";"Аланинаминотрансфераза, ЕД/л, исходно";"V1";"Биохимия";"Int"
108;"DY01_SAD";"Систолическое АД, сутки 1, мм рт. ст.";"—";"Ежедневный контроль";"Float"
109;"DY01_DAD";"Диастолическое АД, сутки 1, мм рт. ст.";"—";"Ежедневный контроль";"Float"
110;"DY01_HR";"ЧСС, сутки 1, уд/мин";"—";"Ежедневный контроль";"Float"
111;"DY01_BT";"Температура тела, сутки 1, °C";"—";"Ежедневный контроль";"Float"
112;"DY02_SAD";"Систолическое АД, сутки 2, мм рт. ст.";"—";"Ежедневный контроль";"Float"
113;"DY02_DAD";"Диастолическое АД, сутки 2, мм рт. ст.";"—";"Ежедневный контроль";"Float"
114;"DY02_HR";"ЧСС, сутки 2, уд/мин";"—";"Ежедневный контроль";"Float"
115;"DY02_BT";"Температура тела, сутки 2, °C";"—";"Ежедневный контроль";"Float"
116;"DY03_SAD";"Систолическое АД, сутки 3, мм рт. ст.";"—";"Ежедневный контроль";"Float"
117;"DY03_DAD";"Диастолическое АД, сутки 3, мм рт. ст.";"—";"Ежедневный контроль";"Float"
118;"DY03_HR";"ЧСС, сутки 3, уд/мин";"—";"Ежедневный контроль";"Float"
119;"DY03_BT";"Температура тела, сутки 3, °C";"—";"Ежедневный контроль";"Float"
120;"DY04_SAD";"Систолическое АД, сутки 4, мм рт. ст.";"—";"Ежедневный контроль";"Float"
121;"DY04_DAD";"Диастолическое АД, сутки 4, мм рт. ст.";"—";"Ежедневный контроль";"Float"
122;"DY04_HR";"ЧСС, сутки 4, уд/мин";"—";"Ежедневный контроль";"Float"
123;"DY04_BT";"Температура тела, сутки 4, °C";"—";"Ежедневный контроль";"Float"
124;"DY05_SAD";"Систолическое АД, сутки 5, мм рт. ст.";"—";"Ежедневный контроль";"Float"
125;"DY05_DAD";"Диастолическое АД, сутки 5, мм рт. ст.";"—";"Ежедневный контроль";"Float"
126;"DY05_HR";"ЧСС, сутки 5, уд/мин";"—";"Ежедневный контроль";"Float"
127;"DY05_BT";"Температура тела, сутки 5, °C";"—";"Ежедневный контроль";"Float"
128;"DY06_SAD";"Систолическое АД, сутки 6, мм рт. ст.";"—";"Ежедневный контроль";"Float"
129;"DY06_DAD";"Диастолическое АД, сутки 6, мм рт. ст.";"—";"Ежедневный контроль";"Float"
130;"DY06_HR";"ЧСС, сутки 6, уд/мин";"—";"Ежедневный контроль";"Float"
131;"DY06_BT";"Температура тела, сутки 6, °C";"—";"Ежедневный контроль";"Float"
132;"DY07_SAD";"Систолическое АД, сутки 7, мм рт. ст.";"—";"Ежедневный контроль";"Float"
133;"DY07_DAD";"Диастолическое АД, сутки 7, мм рт. ст.";"—";"Ежедневный контроль";"Float"
134;"DY07_HR";"ЧСС, сутки 7, уд/мин";"—";"Ежедневный контроль";"Float"
135;"DY07_BT";"Температура тела, сутки 7, °C";"—";"Ежедневный контроль";"Float"
136;"DY08_SAD";"Систолическое АД, сутки 8, мм рт. ст.";"—";"Ежедневный контроль";"Float"
137;"DY08_DAD";"Диастолическое АД, сутки 8, мм рт. ст.";"—";"Ежедневный контроль";"Float"
138;"DY08_HR";"ЧСС, сутки 8, уд/мин";"—";"Ежедневный контроль";"Float"
139;"DY08_BT";"Температура тела, сутки 8, °C";"—";"Ежедневный контроль";"Float"
140;"DY09_SAD";"Систолическое АД, сутки 9, мм рт. ст.";"—";"Ежедневный контроль";"Float"
141;"DY09_DAD";"Диастолическое АД, сутки 9, мм рт. ст.";"—";"Ежедневный контроль";"Float"
142;"DY09_HR";"ЧСС, сутки 9, уд/мин";"—";"Ежедневный контроль";"Float"
143;"DY09_BT";"Температура тела, сутки 9, °C";"—";"Ежедневный контроль";"Float"
144;"DY10_SAD";"Систолическое АД, сутки 10, мм рт. ст.";"—";"Ежедневный контроль";"Float"
145;"DY10_DAD";"Диастолическое АД, сутки 10, мм рт. ст.";"—";"Ежедневный контроль";"Float"
146;"DY10_HR";"ЧСС, сутки 10, уд/мин";"—";"Ежедневный контроль";"Float"
147;"DY10_BT";"Температура тела, сутки 10, °C";"—";"Ежедневный контроль";"Float"
148;"V2_VISDAT";"Дата визита 2 (завершение терапии)";"V2";"Визит";"Date"
149;"V2_VISDY";"День исследования на визите 2";"V2";"Визит";"Int"
150;"V2_VISDEV";"Отклонение от графика визитов, 11-е сутки";"V2";"Визит";"Int"
151;"V2_VISDEVD";"Отклонение от целевого дня, сут, 11-е сутки";"V2";"Визит";"Int"
152;"V2_VISDEVC";"Характер отклонения от графика, 11-е сутки";"V2";"Визит";"String"
153;"V2_SAD";"Систолическое артериальное давление, мм рт. ст., 11-е сутки";"V2";"Витальные";"Int"
154;"V2_DAD";"Диастолическое артериальное давление, мм рт. ст., 11-е сутки";"V2";"Витальные";"Int"
155;"V2_HR";"Частота сердечных сокращений, уд/мин, 11-е сутки";"V2";"Витальные";"Int"
156;"V2_BT";"Температура тела, °C, 11-е сутки";"V2";"Витальные";"Float"
157;"V2_PHEX";"Физикальный осмотр проведён, 11-е сутки";"V2";"Осмотр";"String"
158;"V2_PHEXCH";"Изменения при физикальном осмотре, 11-е сутки";"V2";"Осмотр";"String"
159;"V2_ECG_DATE";"Дата ЭКГ, 11-е сутки";"V2";"ЭКГ";"Date"
160;"V2_ECG_CPL";"ЭКГ выполнена, 11-е сутки";"V2";"ЭКГ";"String"
161;"V2_ECG_DEV";"Отклонения на ЭКГ, 11-е сутки";"V2";"ЭКГ";"String"
162;"V2_ECG_CLSIG";"Отклонения на ЭКГ клинически значимы, 11-е сутки";"V2";"ЭКГ";"String"
163;"V2_NIHSS_VALUE";"Шкала инсульта NIHSS, баллы, 11-е сутки";"V2";"Шкалы";"Int"
164;"V2_NIHSS_CHG";"Изменение NIHSS от исходного, баллы, 11-е сутки";"V2";"Шкалы";"Int"
165;"V2_BA_HGB";"Гемоглобин, г/л, 11-е сутки";"V2";"Гематология";"Int"
166;"V2_BA_RBC";"Эритроциты, ×10¹²/л, 11-е сутки";"V2";"Гематология";"Float"
167;"V2_BA_TPL";"Тромбоциты, ×10⁹/л, 11-е сутки";"V2";"Гематология";"Int"
168;"V2_BA_WBC";"Лейкоциты, ×10⁹/л, 11-е сутки";"V2";"Гематология";"Float"
169;"V2_BA_ESR";"СОЭ, мм/ч, 11-е сутки";"V2";"Гематология";"Int"
170;"V2_BA_NEIT_ABS";"Нейтрофилы, абсолютное число ×10⁹/л, 11-е сутки";"V2";"Лейкоформула";"Float"
171;"V2_BA_NEIT_B_ABS";"Палочкоядерные нейтрофилы, абс. ×10⁹/л, 11-е сутки";"V2";"Лейкоформула";"Float"
172;"V2_BA_NEIT_S_ABS";"Сегментоядерные нейтрофилы, абс. ×10⁹/л, 11-е сутки";"V2";"Лейкоформула";"Float"
173;"V2_BA_EOS_ABS";"Эозинофилы, абсолютное число ×10⁹/л, 11-е сутки";"V2";"Лейкоформула";"Float"
174;"V2_BA_BAS_ABS";"Базофилы, абсолютное число ×10⁹/л, 11-е сутки";"V2";"Лейкоформула";"Float"
175;"V2_BA_LYMPH_ABS";"Лимфоциты, абсолютное число ×10⁹/л, 11-е сутки";"V2";"Лейкоформула";"Float"
176;"V2_BA_MON_ABS";"Моноциты, абсолютное число ×10⁹/л, 11-е сутки";"V2";"Лейкоформула";"Float"
177;"V2_BA_NEIT";"Нейтрофилы, %, 11-е сутки";"V2";"Лейкоформула";"Float"
178;"V2_BA_NEIT_B";"Палочкоядерные нейтрофилы, %, 11-е сутки";"V2";"Лейкоформула";"Float"
179;"V2_BA_NEIT_S";"Сегментоядерные нейтрофилы, %, 11-е сутки";"V2";"Лейкоформула";"Float"
180;"V2_BA_EOS";"Эозинофилы, %, 11-е сутки";"V2";"Лейкоформула";"Float"
181;"V2_BA_BAS";"Базофилы, %, 11-е сутки";"V2";"Лейкоформула";"Float"
182;"V2_BA_LYMPH";"Лимфоциты, %, 11-е сутки";"V2";"Лейкоформула";"Float"
183;"V2_BA_MON";"Моноциты, %, 11-е сутки";"V2";"Лейкоформула";"Float"
184;"V2_BC_ALB";"Общий белок, г/л, 11-е сутки";"V2";"Биохимия";"Float"
185;"V2_BC_GLU";"Глюкоза, ммоль/л, 11-е сутки";"V2";"Биохимия";"Float"
186;"V2_BC_CHOL";"Холестерин, ммоль/л, 11-е сутки";"V2";"Биохимия";"Float"
187;"V2_BC_BIL";"Билирубин общий, мкмоль/л, 11-е сутки";"V2";"Биохимия";"Float"
188;"V2_BC_UR";"Мочевина, ммоль/л, 11-е сутки";"V2";"Биохимия";"Float"
189;"V2_BC_CREA";"Креатинин, мкмоль/л, 11-е сутки";"V2";"Биохимия";"Int"
190;"V2_BC_AST";"Аспартатаминотрансфераза, ЕД/л, 11-е сутки";"V2";"Биохимия";"Int"
191;"V2_BC_ALT";"Аланинаминотрансфераза, ЕД/л, 11-е сутки";"V2";"Биохимия";"Int"
192;"V2_C_EXCL";"Досрочное прекращение участия к визиту 2";"V2";"Выбывание";"Int"
193;"V2_AE";"Зарегистрированы нежелательные явления, 11-е сутки";"V2";"Безопасность";"Int"
194;"V3_VISDAT";"Дата визита 3 (окончание острого периода)";"V3";"Визит";"Date"
195;"V3_VISDY";"День исследования на визите 3";"V3";"Визит";"Int"
196;"V3_VISDEV";"Отклонение от графика визитов, 21-е сутки";"V3";"Визит";"Int"
197;"V3_VISDEVD";"Отклонение от целевого дня, сут, 21-е сутки";"V3";"Визит";"Int"
198;"V3_VISDEVC";"Характер отклонения от графика, 21-е сутки";"V3";"Визит";"String"
199;"V3_SAD";"Систолическое артериальное давление, мм рт. ст., 21-е сутки";"V3";"Витальные";"Int"
200;"V3_DAD";"Диастолическое артериальное давление, мм рт. ст., 21-е сутки";"V3";"Витальные";"Int"
201;"V3_HR";"Частота сердечных сокращений, уд/мин, 21-е сутки";"V3";"Витальные";"Int"
202;"V3_BT";"Температура тела, °C, 21-е сутки";"V3";"Витальные";"Float"
203;"V3_PHEX";"Физикальный осмотр проведён, 21-е сутки";"V3";"Осмотр";"String"
204;"V3_PHEXCH";"Изменения при физикальном осмотре, 21-е сутки";"V3";"Осмотр";"String"
205;"V3_NIHSS_VALUE";"Шкала инсульта NIHSS, баллы, 21-е сутки";"V3";"Шкалы";"Int"
206;"V3_NIHSS_CHG";"Изменение NIHSS от исходного, баллы, 21-е сутки";"V3";"Шкалы";"Int"
207;"V3_BARTHEL_VALUE";"Индекс Бартел, баллы, 21-е сутки";"V3";"Шкалы";"Int"
208;"V3_BARTHEL_CHG";"Изменение индекса Бартел от исходного, баллы, 21-е сутки";"V3";"Шкалы";"Int"
209;"V3_MRS_VALUE";"Модифицированная шкала Рэнкина, баллы, 21-е сутки";"V3";"Шкалы";"Int"
210;"V3_MRS_CHG";"Изменение mRS от преморбидного статуса, баллы, 21-е сутки";"V3";"Шкалы";"Int"
211;"V3_MRS_GOOD";"Благоприятный функциональный исход (mRS 0–2), 21-е сутки";"V3";"Шкалы";"Int"
212;"V3_MMSE_VALUE";"Краткая шкала оценки психического статуса, баллы, 21-е сутки";"V3";"Нейропсихология";"Int"
213;"V3_MMSE_IMP";"Когнитивные нарушения (MMSE менее 24), 21-е сутки";"V3";"Нейропсихология";"Int"
214;"V3_EEG_AMP";"ЭЭГ: амплитуда, мкВ, 21-е сутки";"V3";"ЭЭГ";"Float"
215;"V3_EEG_D";"ЭЭГ: дельта-диапазон, %, 21-е сутки";"V3";"ЭЭГ";"Float"
216;"V3_EEG_T";"ЭЭГ: тета-диапазон, %, 21-е сутки";"V3";"ЭЭГ";"Float"
217;"V3_EEG_A";"ЭЭГ: альфа-диапазон, %, 21-е сутки";"V3";"ЭЭГ";"Float"
218;"V3_EEG_B";"ЭЭГ: бета-диапазон, %, 21-е сутки";"V3";"ЭЭГ";"Float"
219;"V3_EEG_AR";"ЭЭГ: реакция активации, отн. ед., 21-е сутки";"V3";"ЭЭГ";"Float"
220;"V3_C_EXCL";"Досрочное прекращение участия к визиту 3";"V3";"Выбывание";"Int"
221;"V3_AE";"Зарегистрированы нежелательные явления, 21-е сутки";"V3";"Безопасность";"Int"
222;"V4_VISDAT";"Дата визита 4 (окончание раннего восстановительного периода)";"V4";"Визит";"Date"
223;"V4_VISDY";"День исследования на визите 4";"V4";"Визит";"Int"
224;"V4_VISDEV";"Отклонение от графика визитов, 120-е сутки";"V4";"Визит";"Int"
225;"V4_VISDEVD";"Отклонение от целевого дня, сут, 120-е сутки";"V4";"Визит";"Int"
226;"V4_VISDEVC";"Характер отклонения от графика, 120-е сутки";"V4";"Визит";"String"
227;"V4_SAD";"Систолическое артериальное давление, мм рт. ст., 120-е сутки";"V4";"Витальные";"Int"
228;"V4_DAD";"Диастолическое артериальное давление, мм рт. ст., 120-е сутки";"V4";"Витальные";"Int"
229;"V4_HR";"Частота сердечных сокращений, уд/мин, 120-е сутки";"V4";"Витальные";"Int"
230;"V4_BT";"Температура тела, °C, 120-е сутки";"V4";"Витальные";"Float"
231;"V4_PHEX";"Физикальный осмотр проведён, 120-е сутки";"V4";"Осмотр";"String"
232;"V4_PHEXCH";"Изменения при физикальном осмотре, 120-е сутки";"V4";"Осмотр";"String"
233;"V4_NIHSS_VALUE";"Шкала инсульта NIHSS, баллы, 120-е сутки";"V4";"Шкалы";"Int"
234;"V4_NIHSS_CHG";"Изменение NIHSS от исходного, баллы, 120-е сутки";"V4";"Шкалы";"Int"
235;"V4_BARTHEL_VALUE";"Индекс Бартел, баллы, 120-е сутки";"V4";"Шкалы";"Int"
236;"V4_BARTHEL_CHG";"Изменение индекса Бартел от исходного, баллы, 120-е сутки";"V4";"Шкалы";"Int"
237;"V4_MRS_VALUE";"Модифицированная шкала Рэнкина, баллы, 120-е сутки";"V4";"Шкалы";"Int"
238;"V4_MRS_CHG";"Изменение mRS от преморбидного статуса, баллы, 120-е сутки";"V4";"Шкалы";"Int"
239;"V4_MRS_GOOD";"Благоприятный функциональный исход (mRS 0–2), 120-е сутки";"V4";"Шкалы";"Int"
240;"V4_MMSE_VALUE";"Краткая шкала оценки психического статуса, баллы, 120-е сутки";"V4";"Нейропсихология";"Int"
241;"V4_MMSE_IMP";"Когнитивные нарушения (MMSE менее 24), 120-е сутки";"V4";"Нейропсихология";"Int"
242;"V4_EEG_AMP";"ЭЭГ: амплитуда, мкВ, 120-е сутки";"V4";"ЭЭГ";"Float"
243;"V4_EEG_D";"ЭЭГ: дельта-диапазон, %, 120-е сутки";"V4";"ЭЭГ";"Float"
244;"V4_EEG_T";"ЭЭГ: тета-диапазон, %, 120-е сутки";"V4";"ЭЭГ";"Float"
245;"V4_EEG_A";"ЭЭГ: альфа-диапазон, %, 120-е сутки";"V4";"ЭЭГ";"Float"
246;"V4_EEG_B";"ЭЭГ: бета-диапазон, %, 120-е сутки";"V4";"ЭЭГ";"Float"
247;"V4_EEG_AR";"ЭЭГ: реакция активации, отн. ед., 120-е сутки";"V4";"ЭЭГ";"Float"
248;"V4_C_EXCL";"Досрочное прекращение участия к визиту 4";"V4";"Выбывание";"Int"
249;"V4_AE";"Зарегистрированы нежелательные явления, 120-е сутки";"V4";"Безопасность";"Int"
250;"AE_N";"Число нежелательных явлений";"—";"Безопасность";"Int"
251;"AE_ANY";"Хотя бы одно нежелательное явление";"—";"Безопасность";"Int"
252;"AE_SER_N";"Число серьёзных нежелательных явлений";"—";"Безопасность";"Int"
253;"AE_SER_ANY";"Хотя бы одно серьёзное нежелательное явление";"—";"Безопасность";"Int"
254;"AE_REL_N";"Число явлений, связанных с препаратом";"—";"Безопасность";"Int"
255;"AE_REL_ANY";"Хотя бы одно связанное с препаратом явление";"—";"Безопасность";"Int"
256;"AE_SEV_N";"Число явлений тяжёлой степени";"—";"Безопасность";"Int"
257;"AE_DIS_N";"Число осложнений основного заболевания";"—";"Безопасность";"Int"
258;"AE_REA_N";"Число реакций на препарат или процедуру";"—";"Безопасность";"Int"
259;"AE_CLS_N";"Число реакций класс-эффекта препарата";"—";"Безопасность";"Int"
260;"EX_NDOSE";"Число выполненных введений препарата";"—";"Экспозиция";"Int"
261;"EX_COMPL";"Комплаентность, %";"—";"Экспозиция";"Float"
262;"EX_STOPDY";"День прекращения терапии";"—";"Экспозиция";"Int"
263;"EX_STOPRE";"Причина прекращения терапии";"—";"Экспозиция";"String"
264;"CTEND_ALIVE";"Субъект жив на момент окончания наблюдения";"—";"Исход";"Int"
265;"CTEND_DAEATDATE";"Дата смерти";"—";"Исход";"Date"
266;"CTEND_DEATHDY";"День исследования, соответствующий смерти";"—";"Исход";"Int"
267;"CTEND_DTHCAUS";"Причина смерти (непосредственная)";"—";"Исход";"String"
268;"CTEND_DTHCAT";"Категория причины смерти";"—";"Исход";"String"
269;"CTEND_DTHAET";"Термин нежелательного явления, приведшего к смерти";"—";"Исход";"String"
270;"CTEND_DTHPLC";"Место наступления смерти";"—";"Исход";"String"
271;"CTEND_DTHAUT";"Аутопсия проведена";"—";"Исход";"String"
272;"CTEND_DTHREL";"Связь смерти с исследуемым препаратом";"—";"Исход";"String"
273;"CTEND_DROPDY";"День исследования, соответствующий выбыванию";"—";"Исход";"Int"
274;"CTEND_DTH21";"Летальный исход к 21-м суткам";"—";"Исход";"Int"
275;"CTEND_DTH120";"Летальный исход к 120-м суткам";"—";"Исход";"Int"
276;"CTEND_COMPL";"Исследование завершено по протоколу";"—";"Исход";"String"
277;"CTEND_REASON";"Причина досрочного прекращения";"—";"Исход";"String"
278;"TRT01P";"Планируемое лечение";"—";"Анализ";"String"
279;"TRT01A";"Фактически полученное лечение";"—";"Анализ";"String"
280;"ITTFL";"Популяция ITT";"—";"Анализ";"String"
281;"SAFFL";"Популяция безопасности";"—";"Анализ";"String"
282;"SAFEXCL";"Причина невключения в популяцию безопасности";"—";"Анализ";"String"
283;"PPROTFL";"Популяция по протоколу";"—";"Анализ";"String"
